<?xml version="1.0" standalone="yes"?>
<Bank>
  <SBAccount>
    <AccountNumber>12345</AccountNumber>
    <CustomerName>Raja</CustomerName>
    <CustomerAddress>Ameerpet</CustomerAddress>
    <CurrentBalance>3000.0000</CurrentBalance>
  </SBAccount>
  <SBAccount>
    <AccountNumber>23456</AccountNumber>
    <CustomerName>Afzal</CustomerName>
    <CustomerAddress>Hafeezpet</CustomerAddress>
    <CurrentBalance>1000.0000</CurrentBalance>
  </SBAccount>
  <SBTransaction>
    <TransactionId>1</TransactionId>
    <AccountNumber>12345</AccountNumber>
    <TransactionDate>2025-09-10T14:45:34.477+05:30</TransactionDate>
    <Amount>5000.0000</Amount>
    <TransactionType>D</TransactionType>
  </SBTransaction>
  <SBTransaction>
    <TransactionId>2</TransactionId>
    <AccountNumber>12345</AccountNumber>
    <TransactionDate>2025-09-10T14:48:55.267+05:30</TransactionDate>
    <Amount>2000.0000</Amount>
    <TransactionType>W</TransactionType>
  </SBTransaction>
  <SBTransaction>
    <TransactionId>3</TransactionId>
    <AccountNumber>23456</AccountNumber>
    <TransactionDate>2025-10-09T16:41:24+05:30</TransactionDate>
    <Amount>3000.0000</Amount>
    <TransactionType>D</TransactionType>
  </SBTransaction>
  <SBTransaction>
    <TransactionId>4</TransactionId>
    <AccountNumber>23456</AccountNumber>
    <TransactionDate>2025-10-09T16:41:53+05:30</TransactionDate>
    <Amount>2000.0000</Amount>
    <TransactionType>W</TransactionType>
  </SBTransaction>
</Bank>